City,Wellness,Cookware,Crockery,Electronics,Farm Fresh,Fashion,Food Services,Shoes,Home Essentials,Home Fashion,Healthcare,Trolley Bags,Plastics,Processed Food,Sports,Staples,Stationery,Toys,Utensils,Total sales
Asansol,2795247.57021277,2487419.35744681,2800423.50212766,5259208.10212766,2749654.63404255,37155072.9276596,181471.114893617,29649.7489361702,14808,4286111.21702128,29394050.1021277,4495174.47659575,5192360.4,28621607.8042553,383632.365957447,26036011.8340426,9768392.25106383,2189530.43404255,4791059.79148936,168630885.634043
Bhagalpur,0,0,1234,1234,0,32400422.6638298,0,593050.136170213,11124.7234042553,2313605.18723404,0,26477.3617021277,2468,2472.3404255319,0,0,183050.506382979,8638,3702,35547478.9191489
Bhubaneshwar,3510542.27659574,6911649.73191489,10964260.5148936,7074638.99574468,1123880.3787234,199716680.595745,2635829.28510638,7740744.75744681,5655842.72340426,23160038.3191489,96217517.319149,20021579.0340426,21648148.8978723,85817238.8170213,1411944.28085106,65223728.4808511,24066656.7106383,8129330.16595744,14640275.5106383,605670526.795745
Bilaspur,388633.017021277,1281239.95744681,1500587.62978723,4173297.76595745,247961.689361702,30317269.6382979,233372.012765957,1063127.61276596,1505429.05957447,3176552.02553192,17543805.7191489,2380004.62978723,3724322.27234043,14026340.0212766,325211.242553191,13886973.5617021,2124750.91914894,1417239.29361702,2398757.99574468,101714876.06383
Burdwan,2276430.09787234,2372522.01276596,2916523.54468085,5574540.3106383,2117807.78723404,33393354.1361702,22400.3957446809,175727.455319149,7437.6170212766,3276933.97021276,20441850.1744681,3556570.73617021,3995496.7787234,19588367.9148936,302110.306382979,14166456.2893617,19706998.5319149,2066979.33617021,3797518.54042553,139756025.93617
Cuttack,480547.70212766,2034576.32340426,2798322.64255319,5517266.10638298,303929.161702128,36881707.6425532,810208.719148936,1197917.49787234,1526326.02553192,5304414.33617021,26176664.5106383,4784038.32340425,5227638.55744681,23752021.706383,387858.008510638,19244155.1021277,1981541.03829787,2281462.20851064,4086802.75319149,144777398.365957
Darjeeling,153868.591489362,1001375.89361702,1542496.23829787,2216824.35319149,0,17896912.093617,207511.063829787,235734.868085106,8132.5531914894,2170208.8,9080292.34042553,1527941.80425532,3494301.64255319,8563359.72340426,347130.536170213,9563348.48510638,1722592.38723404,2050861.14468085,2108162.01276596,63891054.5319149
Deoghar,179855.25106383,1811486.73617021,1702889.46808511,3685102.0893617,333188.178723404,24417492.3106383,15532.3021276596,883200.068085107,193751.995744681,3342223.93191489,19294323.4085106,3165223.45957447,3762673.70638298,17298241.2340426,278088.94893617,14620962.3702128,2668953.38297872,1546082.53617021,2885614.41702128,102084885.795745
Dhanbad,331290.072340426,2483055.58723404,3197925.11914894,8648718.74042553,102878.978723404,34640695.0510638,1373608.2893617,207609.225531915,32518.5319148936,6152379.99148936,24678017.6468085,6245068.72340426,5210714.43829787,23604789.5148936,573305.30212766,17606666.3744681,2886914.08510638,2523043.61702128,3942927.36170213,144442126.651064
Durgapur,3115627.47234043,2768200.43404255,3946609.08510638,10117506.2893617,3740236.85106383,64111074.6425532,866470.893617021,1624682.80425532,1808442.35744681,6847381.6893617,38556173.6765957,6249985.55744681,6623535.66808511,33842807.2978723,719003.863829787,31169506.2170213,16526110.5914894,2886990.18297872,5712874.40851064,241233219.982979
Gangtok,38671.0255319149,1496875.09361702,1654521.39148936,3351476.32765957,176237.34893617,26225308.0085106,414048.012765957,1047641.28510638,14730.1276595745,3713951.46382979,11576219.2425532,1726479.42553191,4618887.21702128,12424446.1276596,361768.655319149,14366667.7489362,1690020.13617021,1867244.51914894,2843098.52340425,89608291.680851
Guwahati,3304291.48510638,7807870.98723404,13446955.3659574,59370.829787234,3162177.86382979,208940461.502128,7424836.39148936,7367212.74468085,4499185.45957447,20318968.3276596,75925665.5446809,14246331.6893617,23248876.6127659,64643191.106383,1450439.7106383,59868878.8765958,10372216.4425532,8145155.56595745,15813558.9829787,550045645.489362
Jamshedpur,725622.587234042,2188493.70212766,2711108.3787234,5338463.45531915,211730.582978723,29375996.6595745,1915957.36595745,1096925.62978723,309615.987234043,5621901.88510638,22717806.9829787,5335605.66382979,4847736.32765958,19273826.2510638,495011.863829787,17547023.0085106,2794643.18723404,1834935.79574468,3423525.66808511,127765930.982979
Jorhat,558708.680851064,1797355.61702128,2865396.24255319,3337847.45957447,704030.672340425,47338342.4170212,62367.6936170213,823392.297872341,14990.170212766,4920629.85531915,17875257.8553192,3660631.39574468,6474161.05106383,19103691.987234,434661.591489362,15115969.4851064,1728662.54468085,2518931.3787234,4142514.42978724,133477542.825532
Kharagpur,1486728.7787234,2509206.95744681,2233472.18723404,6991580.08510638,1523359.75744681,43997460.0851064,6155794.83829787,1243483.3787234,1362975.44255319,3587086.01702128,21848335.8765957,4281189.13191489,4223666.60425532,23901341.787234,327020.357446808,18524616.8,29745709.3914894,1901587.17446808,3862787.6,179707402.251064
Kolkata,47474466.4393617,61006916.4878724,83942349.2799999,135168694.49617,45414601.05,2000588008.24043,42565294.3376596,39653509.997234,13139154.8793617,154149426.681915,859816642.36383,123524541.645745,148309704.764681,958744968.042978,9617598.97106383,702099029.160212,125357324.688085,58271187.6702128,121953860.554468,5730797279.75128
Nagpur,6972922.79,20557121.79,22719115.27,22404343.47,9252046.89999999,420143072.36,22378396.95,20026664.14,4414673,43768068.84,274078851.26,43601559.47,50676361.82,192819255.86,4372657.37,220452245.06,60878118.5900001,19409442.4,31360220.83,1490285138.17
Patna,10479370.75,17121861.25,27479224.55,41502433.9,7849915.56,432310550.39,9683903.87,14913642.85,48692.8,53580834.25,234300936.21,40043357.93,49441503.82,189814253.63,4249439.27,179825132.26,18595491.3,19304017.04,29445378.11,1379989939.74
Raipur,1453934.27,4304977.6,5230821.74,4133098.89,1964198.13,127443301.99,6896740.1,8016501.4,748274.83,13826243.45,65966056.83,14506344.3,12540858.15,46926646.66,1137986.86,35942257.84,12777238.46,4729141.81,7839137.56,376383760.87
Ranchi,3777661.51,9340577.99,16479915.03,-62221.22,5342120.97,248896490.76,4477297.34,7605499.17,1282931.41,24632360.85,111957733.19,29676426.4,28212395.83,92150236.74,1954416.23,82653813.79,28672099.17,9494025.13,16489588.07,723033368.36
Sambalpur,914083.68,5586852.46,5498122.67,9442586.52,7288194.42,80520402.06,211095.17,587432.02,409,12004514.31,56020341.41,8163995.71,13616891.9,52996907.49,1230373.31,34802523.86,1704049.79,4899006.35,9339753.72,304827535.85
Silchar,799186.36,2376502.84,3387855,5433230.03,23787.57,49436721.78,1060,393438.56,0,5946052.57,18954391.88,4372821.86,6435073.73,18902779.39,480376.59,19460455.96,4325342.2,3222368.03,5127277.94,149078722.29
Siliguri,3573647,6072856.86,9270922.98,18821931.61,5275370.95,259159977.51,3200241.5,6291964.43,3697610.42,21973934.69,70152592.81,12405945.87,19503745.67,65897928.21,2145427.49,43783373.25,32605517.82,10736591.23,11181601.22,605751181.52
